NO;NOPOL;TRANSPORTIR;CO2 PERTAMA;CO2 KEDUA;DCP PRESSURE;FOAM;DCP CATRIDGE;;;;;;;;;;;;;;;;;
1;AA8410OP;PT. TANAH PUTIH;01/06/2025;01/06/2025;;30/03/2026;30/03/2026;;;;;;;;;;;;;;;;;
2;AA8860OF;PT. TANAH PUTIH;09/07/2025;09/07/2025;29/04/2026;29/04/2026;;;;;;;;;;;;;;;;;;
3;AD8603OH;PT. Karyamas;;;;03/01/2026;03/01/2026;;;;;;;;;;;;;;;;;
4;AD8618OH;PT. Karyamas;;;;10/01/2026;10/01/2026;;;;;;;;;;;;;;;;;
5;B9022SFV;PT.PPN;20/08/2025;20/08/2025;;30/03/2026;29/05/2026;;;;;;;;;;;;;;;;;
6;B9061SFV;PT. ELNUSA PETROFIN;10/09/2025;10/09/2025;;30/03/2026;29/05/2026;;;;;;;;;;;;;;;;;
7;B9077SEI;PT. PPN;17/05/2025;17/05/2025;;31/01/2026;31/01/2026;;;;;;;;;;;;;;;;;
8;B9106SEI;PT. PPN;;;01/02/2026;01/08/2026;;;;;;;;;;;;;;;;;;
9;B9223SFV;PT. PPN;30/10/2025;29/04/2026;;28/02/2026;29/04/2026;;;;;;;;;;;;;;;;;
10;B9290TFV;PT. ADAM TRANS;14/06/2026;06/08/2025;;30/03/2026;30/03/2026;;;;;;;;;;;;;;;;;
11;B9300TFV;PT. ADAM TRANS;24/07/2025;24/07/2025;;30/03/2026;31/01/2026;;;;;;;;;;;;;;;;;
12;B9355TFV;PT. ADAM TRANS;21/08/2025;21/08/2025;;30/03/2026;30/03/2026;;;;;;;;;;;;;;;;;
13;B9376TFV;PT. ADAM TRANS;27/09/2025;27/09/2025;30/03/2026;28/02/2026;;;;;;;;;;;;;;;;;;
14;B9378TFV;PT. ADAM TRANS;16/08/2025;16/08/2025;;30/03/2026;30/03/2026;;;;;;;;;;;;;;;;;
15;B9504TEI;PT. ADAM TRANS;17/11/2025;;;29/05/2026;29/05/2026;;;;;;;;;;;;;;;;;
16;B9505TEI;PT. ADAM TRANS;16/07/2025;16/07/2025;;30/03/2026;31/01/2026;;;;;;;;;;;;;;;;;
17;B9520TEI;PT. ADAM TRANS;14/06/2025;14/06/2025;;30/03/2026;30/03/2026;;;;;;;;;;;;;;;;;
18;B9570SEI;PT. ELNUSA PETROFIN;21/08/2025;21/08/2025;30/03/2026;29/05/2026;;;;;;;;;;;;;;;;;;
19;B9697SFV;PT. ELNUSA PETROFIN;17/11/2025;17/11/2025;;29/04/2026;29/04/2026;;;;;;;;;;;;;;;;;
20;B9800SFU;PT. PPN;28/02/2026;28/02/2026;;28/02/2026;28/02/2026;;;;;;;;;;;;;;;;;
21;B9805SFU;PT. PPN;21/08/2025;21/08/2025;;30/03/2026;30/03/2026;;;;;;;;;;;;;;;;;
22;B9810TEI;PT. ADAM TRANS;31/01/2026;31/01/2026;06/07/2025;06/07/2025;;;;;;;;;;;;;;;;;;
23;B9811TEI;PT. ADAM TRANS;27/09/2025;27/09/2025;;29/04/2026;29/04/2026;;;;;;;;;;;;;;;;;
24;B9812TEI;PT. ADAM TRANS;01/01/2026;01/01/2026;;14/01/2026;14/01/2026;;;;;;;;;;;;;;;;;
25;E9225YC;PT. PUSPITA;24/07/2025;24/07/2025;;28/02/2026;28/02/2026;;;;;;;;;;;;;;;;;
26;E9264YC;PT. PUSPITA;31/01/2026;31/01/2026;;31/01/2026;29/05/2026;;;;;;;;;;;;;;;;;
27;E9334YC;PT. PUSPITA;21/08/2025;21/08/2025;;29/05/2026;cadangan;;;;;;;;;;;;;;;;;
28;E9335YC;PT. PUSPITA;31/01/2026;31/01/2026;;29/04/2026;29/04/2026;;;;;;;;;;;;;;;;;
29;E9412YC;PT. PUSPITA;14/06/2025;14/06/2025;;29/05/2026;31/01/2026;;;;;;;;;;;;;;;;;
30;E9445YC;PT.PUSPITA CIPTA;17/11/2025;17/11/2025;;29/05/2026;29/05/2026;;;;;;;;;;;;;;;;;
31;E9512YC;PT. PUSPITA CIPTA;17/11/2025;24/07/2025;;29/05/2026;30/03/2026;;;;;;;;;;;;;;;;;
32;E9450YC;PT. PUSPITA;31/01/2026;31/01/2026;;;31/01/2026;;;;;;;;;;;;;;;;;
33;E9452YB;PT. PUSPITA;31/01/2026;31/01/2026;14/01/2026;14/01/2026;;;;;;;;;;;;;;;;;;
34;E9453YB;PT. PUSPITA;27/09/2025;27/09/2025;;;;;;;;;;;;;;;;;;;;
35;E9453YC;PT. PUSPITA;;;;30/03/2026;30/03/2026;;;;;;;;;;;;;;;;;
36;E9454YB;PT. PUSPITA;17/11/2025;17/11/2025;;30/03/2026;30/03/2026;;;;;;;;;;;;;;;;;
37;E9456YB;PT. PUSPITA;16/08/2025;16/08/2025;;29/04/2026;29/04/2026;;;;;;;;;;;;;;;;;
38;E9457YB;PT. PUSPITA;21/08/2025;21/08/2025;;21/08/2025;21/08/2025;;;;;;;;;;;;;;;;;
39;E9493YC;PT. PUSPITA CIPTA;;;;29/05/2026;30/03/2026;;;;;;;;;;;;;;;;;
40;E9495YC;PT. PUSPITA;27/09/2025;27/09/2025;;29/04/2026;29/04/2026;;;;;;;;;;;;;;;;;
41;E9496YC;PT. PUSPITA CIPTA;24/07/2025;;;30/03/2026;30/03/2026;;;;;;;;;;;;;;;;;
42;E9553YB;PT. PUSPITA;17/11/2025;17/11/2025;;28/02/2026;28/02/2026;;;;;;;;;;;;;;;;;
43;E9557YB;PT. PUSPITA;30/10/2025;30/10/2025;;29/04/2026;29/04/2026;;;;;;;;;;;;;;;;;
44;E9560YB;PT. PUSPITA;17/11/2025;17/11/2025;;30/03/2026;30/03/2026;;;;;;;;;;;;;;;;;
45;G9047OA;PT. MURNI ADHI JAYA;27/09/2025;27/09/2025;29/04/2026;29/04/2026;;;;;;;;;;;;;;;;;;
46;G9048OA;PT. MURNI ADHI JAYA;25/07/2025;25/07/2025;;29/05/2026;29/05/2026;;;;;;;;;;;;;;;;;
47;G9214OA;PT. MURNI ADHI JAYA;31/01/2026;;;31/01/2026;31/01/2026;;;;;;;;;;;;;;;;;
48;H8428OH;PT. LUMAS BIRU MANDIRI;25/07/2025;25/07/2025;29/05/2026;29/05/2026;;;;;;;;;;;;;;;;;;
49;H8481OH;PT. LUMAS BIRU MANDIRI;30/07/2025;30/07/2025;29/05/2026;29/05/2026;;;;;;;;;;;;;;;;;;
50;H9013OH;PT. LUMAS BIRU MANDIRI;30/12/2025;30/12/2025;30/12/2025;30/12/2025;;;;;;;;;;;;;;;;;;
51;H9155OF;PT.LUMAS PRIMA;20/08/2025;20/08/2025;;30/03/2026;30/03/2026;;;;;;;;;;;;;;;;;
52;H9390OF;PT. ADHI BUANA PERSADA;01/07/2025;01/07/2025;28/02/2026;28/02/2026;;;;;;;;;;;;;;;;;;
53;H9391OF;PT. ADHI BUANA PERSADA;14/01/2026;14/01/2026;14/01/2026;14/01/2026;;;;;;;;;;;;;;;;;;
54;H9392OF;PT. ADHI BUANA PERSADA;06/02/2026;06/02/2026;29/04/2026;29/05/2026;;;;;;;;;;;;;;;;;;
55;H9536OH;PT. LUMAS BIRU MANDIRI;;;;02/03/2026;02/03/2026;;;;;;;;;;;;;;;;;
56;H9677OF;PT. ADHI BUANA PERSADA;14/12/2025;14/12/2025;14/01/2026;14/01/2026;;;;;;;;;;;;;;;;;;
57;H9698OF;PT. ADHI BUANA PERSADA;24/07/2025;24/07/2025;29/05/2026;29/05/2026;;;;;;;;;;;;;;;;;;
58;H9771OF;PT. LUMAS BIRU PRIMA;24/08/2025;24/08/2025;28/02/2026;28/02/2026;;;;;;;;;;;;;;;;;;
59;N8021UEA;PT DHARMA CITRA ENERGI;15/02/2026;15/02/2026;15/02/2026;15/02/2026;;;;;;;;;;;;;;;;;;
60;N8054UEA;PT DHARMA CITRA ENERGI;;;04/03/2026;04/03/2026;;;;;;;;;;;;;;;;;;
61;N8533UG;PT. SINAR WAHANA SURYA;21/08/2025;21/08/2025;;17/02/2026;28/02/2026;;;;;;;;;;;;;;;;;
62;N8641UH;PT. DHARMA CITRA ENERGI;14/01/2026;14/01/2026;14/01/2026;28/02/2026;;;;;;;;;;;;;;;;;;
63;N8864UG;PT DHARMA CITRA ENERGI;31/01/2026;17/11/2025;31/01/2026;31/01/2026;;;;;;;;;;;;;;;;;;
64;N8869UF;PT DHARMA CITRA ENERGI;14/12/2025;14/12/2025;14/12/2025;14/12/2025;;;;;;;;;;;;;;;;;;
65;N9086UI;PT. SINAR WAHANA SURYA;07/03/2025;07/03/2025;29/04/2026;29/04/2026;;;;;;;;;;;;;;;;;;
66;N9326UI;PT. SINAR WAHANA SURYA;14/12/2025;14/12/2025;29/05/2026;29/05/2026;;;;;;;;;;;;;;;;;;
67;N9369UI;PT. SINAR WAHANA SURYA;14/06/2025;14/06/2025;29/05/2026;14/01/2026;;;;;;;;;;;;;;;;;;
68;N9405UH;PT DHARMA CITRA ENERGI;31/01/2026;31/01/2026;31/01/2026;31/01/2026;;;;;;;;;;;;;;;;;;
69;N9657UI;PT. SINAR WAHANA SURYA;14/05/2025;14/05/2025;14/01/2026;14/01/2026;;;;;;;;;;;;;;;;;;
70;N9865UJ;PT. DHARMA CITRA ENERGI;14/06/2025;14/06/2025;28/02/2026;28/02/2026;;;;;;;;;;;;;;;;;;
71;R8084K;PT. SERAYU MITRA JAYA;01/06/2025;02/06/2025;29/04/2026;29/04/2026;;;;;;;;;;;;;;;;;;
72;R8114K;PT. SERAYU MITRA JAYA;31/01/2026;31/01/2026;31/01/2026;14/12/2025;;;;;;;;;;;;;;;;;;
73;R8293AM;PT. KATRACO PUTRA SELARAS;14/01/2026;14/01/2026;;14/01/2026;14/01/2026;;;;;;;;;;;;;;;;;
74;R8435CM;PT. KATRACO PUTRA SELARAS;14/01/2026;14/01/2026;;28/02/2026;28/02/2026;;;;;;;;;;;;;;;;;
75;R9237IH;PT. SATU HATI;27/07/2025;27/07/2025;;29/05/2026;29/05/2026;;;;;;;;;;;;;;;;;
76;R9238IH;PT. SATU HATI;17/11/2025;17/11/2025;;29/04/2026;29/04/2026;;;;;;;;;;;;;;;;;
77;R9564B;PT. SERAYU MITRA JAYA;24/07/2025;24/07/2025;24/07/2025;24/07/2025;;;;;;;;;;;;;;;;;;
78;R9674B;PT. SERAYU MITRA JAYA;02/07/2025;02/07/2025;;28/02/2026;29/04/2026;;;;;;;;;;;;;;;;;
79;R9675B;PT. SERAYU MITRA JAYA;30/11/2025;30/11/2025;;30/03/2026;;;;;;;;;;;;;;;;;;
80;R9694B;PT. SERAYU MITRA JAYA;14/12/2025;17/09/2025;;29/05/2026;28/02/2026;;;;;;;;;;;;;;;;;
81;R9839BR;PT. SATU HATI;27/09/2025;27/09/2025;;30/03/2026;29/05/2026;;;;;;;;;;;;;;;;;
82;B9234SFV;PT. PPN;12/09/2025;12/09/2025;;29/04/2026;29/05/2026;;;;;;;;;;;;;;;;;
83;B9246SFV;PT. PPN;20/08/2025;20/08/2025;;29/04/2026;29/04/2026;;;;;;;;;;;;;;;;;
;;;;;;;;;;;;;;;;;;;;;;;;
;;;;;;;;;;;;;;;;;;;;;;;;
;;;;;;;;;;;;;;;;;;;;;;;;
;;;;;;;;;;;;;;;;;;;;;;;;
;;;;;;;;;;;;;;;;;;;;;;;;
;;;;;;;;;;;;;;;;;;;;;;;;
;;;;;;;;;;;;;;;;;;;;;;;;
;;;;;;;;;;;;;;;;;;;;;;;;
;;;;;;;;;;;;;;;;;;;;;;;;
